高山下的花环,9.0,大陆,战争,https://movie.douban.com/subject/1422283/,https://img9.doubanio.com/view/photo/s_ratio_poster/public/p2466163897.jpg
福尔摩斯二世,9.5,美国,动作,https://movie.douban.com/subject/1303408/,https://img9.doubanio.com/view/photo/s_ratio_poster/public/p2206737207.jpg
蝙蝠侠：黑暗骑士,9.2,美国,动作,https://movie.douban.com/subject/1851857/,https://img9.doubanio.com/view/photo/s_ratio_poster/public/p462657443.jpg
指环王3：王者无敌,9.2,美国,动作,https://movie.douban.com/subject/1291552/,https://img9.doubanio.com/view/photo/s_ratio_poster/public/p1910825503.jpg
Ben 10：变身之谜,9.2,美国,动作,https://movie.douban.com/subject/5187955/,https://img9.doubanio.com/view/photo/s_ratio_poster/public/p2320482809.jpg
指环王2：双塔奇兵,9.1,美国,动作,https://movie.douban.com/subject/1291572/,https://img9.doubanio.com/view/photo/s_ratio_poster/public/p909265336.jpg
将军号,9.1,美国,动作,https://movie.douban.com/subject/1292778/,https://img9.doubanio.com/view/photo/s_ratio_poster/public/p2248676081.jpg
黑客帝国,9.0,美国,动作,https://movie.douban.com/subject/1291843/,https://img9.doubanio.com/view/photo/s_ratio_poster/public/p451926968.jpg
指环王1：魔戒再现,9.0,美国,动作,https://movie.douban.com/subject/1291571/,https://img9.doubanio.com/view/photo/s_ratio_poster/public/p1354436051.jpg
搏击俱乐部,9.0,美国,动作,https://movie.douban.com/subject/1292000/,https://img9.doubanio.com/view/photo/s_ratio_poster/public/p1910926158.jpg
肖申克的救赎,9.7,美国,犯罪,https://movie.douban.com/subject/1292052/,https://img9.doubanio.com/view/photo/s_ratio_poster/public/p480747492.jpg
控方证人,9.6,美国,犯罪,https://movie.douban.com/subject/1296141/,https://img9.doubanio.com/view/photo/s_ratio_poster/public/p1505392928.jpg
控方证人,9.5,美国,犯罪,https://movie.douban.com/subject/5294851/,https://img9.doubanio.com/view/photo/s_ratio_poster/public/p2367853261.jpg
十二怒汉（电视版）,9.5,美国,犯罪,https://movie.douban.com/subject/10583098/,https://img9.doubanio.com/view/photo/s_ratio_poster/public/p2153875961.jpg
疑犯追踪 试播集,9.4,美国,犯罪,https://movie.douban.com/subject/24700683/,https://img9.doubanio.com/view/photo/s_ratio_poster/public/p1974739828.jpg
教父,9.3,美国,犯罪,https://movie.douban.com/subject/1291841/,https://img9.doubanio.com/view/photo/s_ratio_poster/public/p616779645.jpg
蝙蝠侠：黑暗骑士,9.2,美国,犯罪,https://movie.douban.com/subject/1851857/,https://img9.doubanio.com/view/photo/s_ratio_poster/public/p462657443.jpg
教父2,9.2,美国,犯罪,https://movie.douban.com/subject/1299131/,https://img9.doubanio.com/view/photo/s_ratio_poster/public/p2194138787.jpg
美国往事,9.2,美国,犯罪,https://movie.douban.com/subject/1292262/,https://img9.doubanio.com/view/photo/s_ratio_poster/public/p477229647.jpg
完美的世界,9.1,美国,犯罪,https://movie.douban.com/subject/1300992/,https://img9.doubanio.com/view/photo/s_ratio_poster/public/p2190556408.jpg
十二怒汉,9.1,美国,犯罪,https://movie.douban.com/subject/1293989/,https://img9.doubanio.com/view/photo/s_ratio_poster/public/p2337734157.jpg
猫鼠游戏,9.0,美国,犯罪,https://movie.douban.com/subject/1305487/,https://img9.doubanio.com/view/photo/s_ratio_poster/public/p453924541.jpg
辛德勒的名单,9.5,美国,战争,https://movie.douban.com/subject/1295124/,https://img9.doubanio.com/view/photo/s_ratio_poster/public/p492406163.jpg
乱世佳人,9.3,美国,战争,https://movie.douban.com/subject/1300267/,https://img9.doubanio.com/view/photo/s_ratio_poster/public/p1963126880.jpg
你逃我也逃,9.2,美国,战争,https://movie.douban.com/subject/1303418/,https://img9.doubanio.com/view/photo/s_ratio_poster/public/p1339915772.jpg
地下,9.2,美国,战争,https://movie.douban.com/subject/1292206/,https://img9.doubanio.com/view/photo/s_ratio_poster/public/p1833776334.jpg
穿条纹睡衣的男孩,9.1,美国,战争,https://movie.douban.com/subject/3008247/,https://img9.doubanio.com/view/photo/s_ratio_poster/public/p1473670352.jpg
大独裁者,9.1,美国,战争,https://movie.douban.com/subject/1295646/,https://img9.doubanio.com/view/photo/s_ratio_poster/public/p1960167314.jpg
光荣之路,9.1,美国,战争,https://movie.douban.com/subject/1292969/,https://img9.doubanio.com/view/photo/s_ratio_poster/public/p955392372.jpg
将军号,9.1,美国,战争,https://movie.douban.com/subject/1292778/,https://img9.doubanio.com/view/photo/s_ratio_poster/public/p2248676081.jpg
拯救大兵瑞恩,9.0,美国,战争,https://movie.douban.com/subject/1292849/,https://img9.doubanio.com/view/photo/s_ratio_poster/public/p1014542496.jpg
影武者,9.0,美国,战争,https://movie.douban.com/subject/1303067/,https://img9.doubanio.com/view/photo/s_ratio_poster/public/p997945263.jpg
上海滩,9.0,香港,动作,https://movie.douban.com/subject/6311260/,https://img9.doubanio.com/view/photo/s_ratio_poster/public/p2344833803.jpg
无间道,9.2,香港,犯罪,https://movie.douban.com/subject/1307914/,https://img9.doubanio.com/view/photo/s_ratio_poster/public/p2564556863.jpg
无间道(正序版),9.0,香港,犯罪,https://movie.douban.com/subject/4860078/,https://img9.doubanio.com/view/photo/s_ratio_poster/public/p2236103938.jpg
七武士,9.2,日本,动作,https://movie.douban.com/subject/1295399/,https://img9.doubanio.com/view/photo/s_ratio_poster/public/p2215886505.jpg
鬼灭之刃 兄妹的羁绊,9.1,日本,动作,https://movie.douban.com/subject/33393167/,https://img9.doubanio.com/view/photo/s_ratio_poster/public/p2552453882.jpg
银魂剧场版：新译红樱篇,9.1,日本,动作,https://movie.douban.com/subject/4122194/,https://img9.doubanio.com/view/photo/s_ratio_poster/public/p612363092.jpg
机动战士高达 逆袭的夏亚,9.1,日本,动作,https://movie.douban.com/subject/1401536/,https://img9.doubanio.com/view/photo/s_ratio_poster/public/p546980785.jpg
攻壳机动队,9.0,日本,动作,https://movie.douban.com/subject/1291936/,https://img9.doubanio.com/view/photo/s_ratio_poster/public/p1910922395.jpg
攻壳机动队2.0,9.0,日本,动作,https://movie.douban.com/subject/3142101/,https://img9.doubanio.com/view/photo/s_ratio_poster/public/p456918283.jpg
空之境界 第七章 杀人考察（后）,9.0,日本,动作,https://movie.douban.com/subject/3399553/,https://img9.doubanio.com/view/photo/s_ratio_poster/public/p2202703811.jpg
赛文奥特曼 我是地球人,9.0,日本,动作,https://movie.douban.com/subject/5041031/,https://img9.doubanio.com/view/photo/s_ratio_poster/public/p2547616522.jpg
赛文奥特曼 光荣与传说,9.0,日本,动作,https://movie.douban.com/subject/5041026/,https://img9.doubanio.com/view/subject/l/public/s4445212.jpg
古畑任三郎 最后之舞,9.1,日本,犯罪,https://movie.douban.com/subject/10558406/,https://img9.doubanio.com/view/photo/s_ratio_poster/public/p2155138955.jpg
古畑任三郎完结篇 重生之死,9.0,日本,犯罪,https://movie.douban.com/subject/10558405/,https://img9.doubanio.com/view/photo/s_ratio_poster/public/p2155138409.jpg
机动战士高达 逆袭的夏亚,9.1,日本,战争,https://movie.douban.com/subject/1401536/,https://img9.doubanio.com/view/photo/s_ratio_poster/public/p546980785.jpg
人间的条件(第五、六部),9.1,日本,战争,https://movie.douban.com/subject/1441039/,https://img9.doubanio.com/view/photo/s_ratio_poster/public/p2566324607.jpg
影武者,9.0,日本,战争,https://movie.douban.com/subject/1303067/,https://img9.doubanio.com/view/photo/s_ratio_poster/public/p997945263.jpg
卡里古拉,9.0,日本,战争,https://movie.douban.com/subject/26843144/,https://img9.doubanio.com/view/photo/s_ratio_poster/public/p2369252025.jpg
蝙蝠侠：黑暗骑士,9.2,英国,动作,https://movie.douban.com/subject/1851857/,https://img9.doubanio.com/view/photo/s_ratio_poster/public/p462657443.jpg
控方证人,9.5,英国,犯罪,https://movie.douban.com/subject/5294851/,https://img9.doubanio.com/view/photo/s_ratio_poster/public/p2367853261.jpg
临终的侦探,9.4,英国,犯罪,https://movie.douban.com/subject/3676944/,https://img9.doubanio.com/view/photo/s_ratio_poster/public/p2518184706.jpg
最后一案,9.3,英国,犯罪,https://movie.douban.com/subject/3603187/,https://img9.doubanio.com/view/photo/s_ratio_poster/public/p2511441944.jpg
马斯格雷夫仪式,9.3,英国,犯罪,https://movie.douban.com/subject/3607017/,https://img9.doubanio.com/view/photo/s_ratio_poster/public/p2518184319.jpg
红发会,9.3,英国,犯罪,https://movie.douban.com/subject/3603181/,https://img9.doubanio.com/view/photo/s_ratio_poster/public/p2511442242.jpg
蝙蝠侠：黑暗骑士,9.2,英国,犯罪,https://movie.douban.com/subject/1851857/,https://img9.doubanio.com/view/photo/s_ratio_poster/public/p462657443.jpg
布鲁斯—帕廷顿计划,9.2,英国,犯罪,https://movie.douban.com/subject/3607057/,https://img9.doubanio.com/view/photo/s_ratio_poster/public/p2511443640.jpg
诺伍德的建筑师,9.2,英国,犯罪,https://movie.douban.com/subject/3603169/,https://img9.doubanio.com/view/photo/s_ratio_poster/public/p2511442211.jpg
爬行人,9.1,英国,犯罪,https://movie.douban.com/subject/3676858/,https://img9.doubanio.com/view/photo/s_ratio_poster/public/p2518184561.jpg
显贵的主顾,9.2,英国,犯罪,https://movie.douban.com/subject/3676849/,https://img9.doubanio.com/view/photo/s_ratio_poster/public/p2518184536.jpg
空屋,9.2,英国,犯罪,https://movie.douban.com/subject/3603208/,https://img9.doubanio.com/view/photo/s_ratio_poster/public/p2511442621.jpg
第二块血迹,9.2,英国,犯罪,https://movie.douban.com/subject/3607018/,https://img9.doubanio.com/view/photo/s_ratio_poster/public/p2511443522.jpg
福尔摩斯：斑点带子案,9.2,英国,犯罪,https://movie.douban.com/subject/3231171/,https://img9.doubanio.com/view/photo/s_ratio_poster/public/p1779190432.jpg
住院的病人,9.2,英国,犯罪,https://movie.douban.com/subject/3603173/,https://img9.doubanio.com/view/photo/s_ratio_poster/public/p2511442284.jpg
六座拿破仑半身像,9.2,英国,犯罪,https://movie.douban.com/subject/3607036/,https://img9.doubanio.com/view/photo/s_ratio_poster/public/p2511444146.jpg
两杆大烟枪,9.1,英国,犯罪,https://movie.douban.com/subject/1293350/,https://img9.doubanio.com/view/photo/s_ratio_poster/public/p792443418.jpg
神探夏洛克：福至如归,9.1,英国,犯罪,https://movie.douban.com/subject/25798411/,https://img9.doubanio.com/view/photo/s_ratio_poster/public/p2412522760.jpg
流浪者之歌,9.1,英国,犯罪,https://movie.douban.com/subject/1303525/,https://img9.doubanio.com/view/photo/s_ratio_poster/public/p2384320756.jpg
帷幕：波洛的最后一案,9.1,英国,犯罪,https://movie.douban.com/subject/25892252/,https://img9.doubanio.com/view/photo/s_ratio_poster/public/p2184353409.jpg
银色马,9.1,英国,犯罪,https://movie.douban.com/subject/3607042/,https://img9.doubanio.com/view/photo/s_ratio_poster/public/p2511443948.jpg
我们的父辈,9.3,英国,战争,https://movie.douban.com/subject/27092246/,https://img9.doubanio.com/view/photo/s_ratio_poster/public/p2550705398.jpg
钢琴家,9.2,英国,战争,https://movie.douban.com/subject/1296736/,https://img9.doubanio.com/view/photo/s_ratio_poster/public/p792376093.jpg
地下,9.2,英国,战争,https://movie.douban.com/subject/1292206/,https://img9.doubanio.com/view/photo/s_ratio_poster/public/p1833776334.jpg
穿条纹睡衣的男孩,9.1,英国,战争,https://movie.douban.com/subject/3008247/,https://img9.doubanio.com/view/photo/s_ratio_poster/public/p1473670352.jpg
法国大革命,9.1,英国,战争,https://movie.douban.com/subject/2040152/,https://img9.doubanio.com/view/photo/s_ratio_poster/public/p2562096919.jpg
怒海英雄：火攻船,9.0,英国,战争,https://movie.douban.com/subject/1889694/,https://img9.doubanio.com/view/photo/s_ratio_poster/public/p2602361498.jpg
怒海英雄：回报,9.1,英国,战争,https://movie.douban.com/subject/1889703/,https://img9.doubanio.com/view/photo/s_ratio_poster/public/p2602361360.jpg
科利奥兰纳斯,9.0,英国,战争,https://movie.douban.com/subject/25768089/,https://img9.doubanio.com/view/photo/s_ratio_poster/public/p2252280563.jpg
尤里西斯的凝视,9.0,英国,战争,https://movie.douban.com/subject/1294573/,https://img9.doubanio.com/view/photo/s_ratio_poster/public/p2180184371.jpg
怒海英雄：公爵夫人与恶魔,9.0,英国,战争,https://movie.douban.com/subject/1889695/,https://img9.doubanio.com/view/photo/s_ratio_poster/public/p2602361828.jpg
怒海英雄：叛乱,9.0,英国,战争,https://movie.douban.com/subject/1889700/,https://img9.doubanio.com/view/subject/l/public/s1832238.jpg
这个杀手不太冷,9.4,法国,动作,https://movie.douban.com/subject/1295644/,https://img9.doubanio.com/view/photo/s_ratio_poster/public/p511118051.jpg
这个杀手不太冷,9.4,法国,犯罪,https://movie.douban.com/subject/1295644/,https://img9.doubanio.com/view/photo/s_ratio_poster/public/p511118051.jpg
洞,9.2,法国,犯罪,https://movie.douban.com/subject/1424334/,https://img9.doubanio.com/view/photo/s_ratio_poster/public/p2497389079.jpg
钢琴家,9.2,法国,战争,https://movie.douban.com/subject/1296736/,https://img9.doubanio.com/view/photo/s_ratio_poster/public/p792376093.jpg
地下,9.2,法国,战争,https://movie.douban.com/subject/1292206/,https://img9.doubanio.com/view/photo/s_ratio_poster/public/p1833776334.jpg
沉静如海,9.1,法国,战争,https://movie.douban.com/subject/1769507/,https://img9.doubanio.com/view/photo/s_ratio_poster/public/p541622159.jpg
法国大革命,9.1,法国,战争,https://movie.douban.com/subject/2040152/,https://img9.doubanio.com/view/photo/s_ratio_poster/public/p2562096919.jpg
尤里西斯的凝视,9.0,法国,战争,https://movie.douban.com/subject/1294573/,https://img9.doubanio.com/view/photo/s_ratio_poster/public/p2180184371.jpg
搏击俱乐部,9.0,德国,动作,https://movie.douban.com/subject/1292000/,https://img9.doubanio.com/view/photo/s_ratio_poster/public/p1910926158.jpg
钢琴家,9.2,德国,战争,https://movie.douban.com/subject/1296736/,https://img9.doubanio.com/view/photo/s_ratio_poster/public/p792376093.jpg
地下,9.2,德国,战争,https://movie.douban.com/subject/1292206/,https://img9.doubanio.com/view/photo/s_ratio_poster/public/p1833776334.jpg
尤里西斯的凝视,9.0,德国,战争,https://movie.douban.com/subject/1294573/,https://img9.doubanio.com/view/photo/s_ratio_poster/public/p2180184371.jpg
美国往事,9.2,意大利,犯罪,https://movie.douban.com/subject/1292262/,https://img9.doubanio.com/view/photo/s_ratio_poster/public/p477229647.jpg
洞,9.2,意大利,犯罪,https://movie.douban.com/subject/1424334/,https://img9.doubanio.com/view/photo/s_ratio_poster/public/p2497389079.jpg
流浪者之歌,9.1,意大利,犯罪,https://movie.douban.com/subject/1303525/,https://img9.doubanio.com/view/photo/s_ratio_poster/public/p2384320756.jpg
偷自行车的人,9.0,意大利,犯罪,https://movie.douban.com/subject/1295873/,https://img9.doubanio.com/view/photo/s_ratio_poster/public/p759707912.jpg
美丽人生,9.5,意大利,战争,https://movie.douban.com/subject/1292063/,https://img9.doubanio.com/view/photo/s_ratio_poster/public/p2578474613.jpg
革命往事,9.1,意大利,战争,https://movie.douban.com/subject/1301026/,https://img9.doubanio.com/view/photo/s_ratio_poster/public/p2206010357.jpg
法国大革命,9.1,意大利,战争,https://movie.douban.com/subject/2040152/,https://img9.doubanio.com/view/photo/s_ratio_poster/public/p2562096919.jpg
尤里西斯的凝视,9.0,意大利,战争,https://movie.douban.com/subject/1294573/,https://img9.doubanio.com/view/photo/s_ratio_poster/public/p2180184371.jpg
猫鼠游戏,9.0,加拿大,犯罪,https://movie.douban.com/subject/1305487/,https://img9.doubanio.com/view/photo/s_ratio_poster/public/p453924541.jpg
法国大革命,9.1,加拿大,战争,https://movie.douban.com/subject/2040152/,https://img9.doubanio.com/view/photo/s_ratio_poster/public/p2562096919.jpg
